groupset,date
恵深あむ@あむみほ,47
Suzy,36
涼乃みほ@あむみほ,18
松島朱里@YUMEADO EUROPE,10
恵深あむ@あむみほ & 涼乃みほ@あむみほ,9
メグ・ピッチ・オリオン@ぷらしゅが,9
雅春奈@ユレルランドスケープ,5
なみきんぐ@ONIONS,3
七瀬千夏@たまご姫【たまプリ】,3
篠宮奈々美@きいろちゃんず & 恵深あむ@あむみほ,3
Juri@Finally,3
コイヌ フユ@YUENI,3
Tina@Finally,3
大石菜月@YORISOERU,2
天音ゆめ@たまご姫【たまプリ】,2
空蝉さな@ユレルランドスケープ & 小野町子@ユレルランドスケープ & 雅春奈@ユレルランドスケープ & 麦ゆき@ユレルランドスケープ,2
中谷亜優@たまご姫【たまプリ】,2
日向なの@たまご姫【たまプリ】,2
永井穂花@YORISOERU,2
篠宮奈々美@きいろちゃんず,2
山下かりん@シュアネス,2
Suzy & 天音ゆめ@たまご姫【たまプリ】,2
雨宮れいな@ぷらしゅが,2
Haruna@Finally,2
Meg@Finally,2
朝日奈凛@ELECTRIC JELLYFISH ～Fry～,2
Rinka@Finally,2
Suzy & 七瀬千夏@たまご姫【たまプリ】,2
Suzy & 中谷亜優@たまご姫【たまプリ】,2
Aoi@Finally,2
Suzy & 岬あやめ@たまご姫【たまプリ】,2
Suzy & 日向なの@たまご姫【たまプリ】,2
Suzy & 桜衣みゆな@たまご姫【たまプリ】,2
Suzy & 椎名まどか@たまご姫【たまプリ】,2
椎名まどか@たまご姫【たまプリ】,1
桜衣みゆな@たまご姫【たまプリ】,1
残夢 ふうか@ぷらしゅが,1
榛リサ@オグメンタル,1
紫桜倖那@Zero Project,1
涼宮ちむ@錬日oTo個色,1
瀬名あすか@Parasite.Kiss,1
熊山みゆ@Parasite.Kiss,1
田村優芽@YORISOERU,1
紫王雅琴@ヲドルマヨナカ,1
藤川るな@シュアネス,1
西村彩有里@ONIONS,1
高橋みあ@せろとにん✖️ばくだん,1
高橋るい@Girls Crying in Bathroom,1
黒崎かのん@ぷらしゅが,1
柊木もも@Parasite.Kiss,1
Alyssaありさ@Zero Project,1
東 茉白@Zero Project,1
月野あみ@シュアネス,1
Mirei@GANGDEMIC,1
Ria@GANGDEMIC,1
Suzy & 小上がお@あっしゅない！ & 花咲杏@あっしゅない！,1
Suzy & 黒瀬瑠衣@あっしゅない！,1
きゃりー@プリズムハート,1
くまだかなえ@IZANAGI,1
ナウ リアル@YUENI,1
ハチぱん@SHOW!ME!機嫌,1
ハッパ セリ@YUENI,1
一ノ瀬陽天@夜とメルク,1
依東杏奈@emiu,1
初ちひろ@FiDZ,1
小嶋凛@YUMEADO EUROPE & 宮本佑衣@YUMEADO EUROPE & 船戸ゆきの@YUMEADO EUROPE & 松島朱里@YUMEADO EUROPE & 福田 結花梨@YUMEADO EUROPE,1
小平明日香@ラブアグレッション,1
小町茉莉@ロング・グッドバイ,1
岬あやめ@たまご姫【たまプリ】,1
日向さや@ぷらしゅが,1
旭奈ひかり@Dr.Lolita,1
昊乃ひな@Zero Project,1
星野理沙@ラブアグレッション,1
月美うみ@ぷらしゅが,1
𝙎𝙖𝙣𝙖@GiMMiCK,1
